M,B,mean_runtime_sec,mean_abs_err_height_m,mean_abs_err_length_m,mean_abs_err_width_m,mean_abs_err_total_m,rank_runtime,rank_error,rank_sum,pareto_optimal
64,400,0.033,0.00622,0.01203,0.01243,0.01023,1,2,3,1
64,200,0.0344,0.0071,0.01058,0.01185,0.00984,2,1,3,1
256,200,0.0423,0.0073,0.0116,0.01358,0.01083,4,4,8,0
256,100,0.0456,0.00652,0.01188,0.01307,0.01049,6,3,9,0
64,100,0.0359,0.00765,0.0164,0.01847,0.01417,3,9,12,0
256,400,0.0438,0.0083,0.01765,0.01095,0.0123,5,8,13,0
1024,200,0.0855,0.00682,0.01318,0.0143,0.01143,7,6,13,0
1024,100,0.0862,0.00723,0.01208,0.01387,0.01106,8,5,13,0
1024,400,0.0934,0.00715,0.01365,0.01603,0.01228,9,7,16,0
